id,avatar,first_name,email,city,gender,phone_number
7143,https://robohash.org/quisvitaemagni.png?size=300x300&set=set1,Wiley,wiley.corwin@email.com,Port Herman,Female,+961 1-156-088-4528 x4170
504,https://robohash.org/aspernaturmaximefugiat.png?size=300x300&set=set1,Bulah,bulah.gusikowski@email.com,Herlindaborough,Non-binary,+380 (172) 046-2212 x360
9700,https://robohash.org/adestlaboriosam.png?size=300x300&set=set1,Debbie,debbie.hane@email.com,Bartolettiport,Genderqueer,+47 1-906-608-3006 x125
7026,https://robohash.org/illoevenietnesciunt.png?size=300x300&set=set1,Hector,hector.paucek@email.com,Lake Feleciatown,Genderqueer,+350 (519) 291-2093 x08753
8473,https://robohash.org/voluptatescommodiut.png?size=300x300&set=set1,Wendolyn,wendolyn.lindgren@email.com,Elnorahaven,Polygender,+230 (855) 949-8670 x797
2910,https://robohash.org/quosvelvel.png?size=300x300&set=set1,Dan,dan.rutherford@email.com,Wilkinsonfurt,Polygender,+974 1-255-922-6350 x4578
7693,https://robohash.org/delenitireiciendisquisquam.png?size=300x300&set=set1,Jefferson,jefferson.abernathy@email.com,South Shana,Genderfluid,+51 394.030.3653
2889,https://robohash.org/voluptatemquasiaspernatur.png?size=300x300&set=set1,Bennett,bennett.mcdermott@email.com,Diontown,Bigender,+960 625.632.4100
9453,https://robohash.org/eligendivelquo.png?size=300x300&set=set1,Conception,conception.gusikowski@email.com,West Lane,Male,+996 522.290.9375 x30821
3740,https://robohash.org/etquidemsimilique.png?size=300x300&set=set1,Kermit,kermit.morissette@email.com,Lake Barbaraton,Non-binary,+1-242 1-530-668-5147 x833
4123,https://robohash.org/temporaiustoeius.png?size=300x300&set=set1,Rocky,rocky.swaniawski@email.com,North Owen,Genderqueer,+1-264 (208) 669-2268
6635,https://robohash.org/nequeveniamnostrum.png?size=300x300&set=set1,Mauricio,mauricio.ruecker@email.com,East Dustyberg,Genderfluid,+373 744-088-0774 x688
2135,https://robohash.org/repellatmagnamtempora.png?size=300x300&set=set1,Clementine,clementine.swaniawski@email.com,South Lamarshire,Non-binary,+689 1-780-131-6151 x26588
9734,https://robohash.org/utatqueet.png?size=300x300&set=set1,Julian,julian.dicki@email.com,North Frank,Genderfluid,+265 1-196-304-9159
4073,https://robohash.org/dolorquiquis.png?size=300x300&set=set1,Tobias,tobias.blick@email.com,Braunshire,Polygender,+853 524.293.8382
8819,https://robohash.org/eumetminus.png?size=300x300&set=set1,Toccara,toccara.corwin@email.com,Kitmouth,Genderqueer,+222 1-498-023-4593 x5279
4631,https://robohash.org/molestiaeaccusantiumaliquid.png?size=300x300&set=set1,Luanna,luanna.cremin@email.com,Powlowskishire,Non-binary,+509 839-849-2743 x047
5809,https://robohash.org/molestiaenostrumodit.png?size=300x300&set=set1,Freeman,freeman.sanford@email.com,Lake Gilberto,Non-binary,+1-869 1-344-923-0159 x718
6283,https://robohash.org/corporisquoadipisci.png?size=300x300&set=set1,Sue,sue.klein@email.com,Lehnerborough,Genderqueer,+968 930.727.6894
3196,https://robohash.org/voluptatemarchitectomolestiae.png?size=300x300&set=set1,Trula,trula.conroy@email.com,Lake Winfordhaven,Genderfluid,+357 153-013-8389 x017
4290,https://robohash.org/temporaeosrem.png?size=300x300&set=set1,Clay,clay.kohler@email.com,North Dewitt,Agender,+1-684 615.697.5306
2045,https://robohash.org/pariaturetquo.png?size=300x300&set=set1,Yasuko,yasuko.bauch@email.com,Nieshaland,Male,+376 288.236.8418 x0168
5105,https://robohash.org/rerumaliquidminus.png?size=300x300&set=set1,Rigoberto,rigoberto.torphy@email.com,Ravenfort,Genderqueer,+226 (915) 178-9759 x144
